{
  "risk_scores": [
    0.0,
    0.0,
    0.0,
    0.0,
    0.0,
    0.0,
    0.6,
    0.0,
    0.0,
    0.0,
    0.0,
    0.6,
    0.0,
    0.0,
    0.2,
    0.0,
    0.0,
    0.6,
    0.2,
    0.2,
    0.0,
    0.0,
    0.6,
    0.6,
    0.0,
    0.0,
    0.0,
    0.0,
    0.0,
    0.0
  ],
  "predictions": [
    0,
    0,
    0,
    0,
    0,
    0,
    1,
    0,
    0,
    0,
    0,
    1,
    0,
    0,
    0,
    0,
    0,
    1,
    0,
    0,
    0,
    0,
    1,
    1,
    0,
    0,
    0,
    0,
    0,
    0
  ],
  "model_hash": "0x82ed5e5c98cc90f965f0e313743cad213e17e0bd65b68b6c768c2162d4118364",
  "feature_importance": [
    0.028555600322320747,
    0.0,
    0.06227272257691264,
    0.17767929089444004,
    0.18744188929523348,
    0.14525919957023886,
    0.23032500671501485,
    0.16846629062583945
  ]
}