{
  "shap_hash": "0x8f5c517da99f826be966d4105b11cbae3f94b4e02e0c2f82ec05975abb585098",
  "feature_importance": [
    0.09839195758104324,
    0.12278550863265991,
    0.11645429581403732,
    0.06192756071686745,
    0.0683523491024971,
    0.08129098266363144,
    0.10743054002523422,
    0.08116023987531662,
    0.07847721874713898,
    0.1837293654680252
  ],
  "sample_size": 74,
  "mean_shap_values": [
    0.6532541888723814,
    1.1149670409973729,
    0.6542487528605061,
    0.4562945657145603,
    0.1522250647470899,
    0.5575114390108712,
    0.7817687873309852,
    0.8559544754535683,
    0.34488155446770424,
    0.9928070522084225
  ]
}